policy,store,layout,seed,horizon,n,censored,p50,p95,met,median_completed,miss_rate,to_rewritten,to_unreferenced,to_marker,to_physical,commit_d,rewrite_d,unlink_d,expire_d,bytes_policy,bytes_cow,amp,probe_checks,probe_disagreements,wall_s
lhbench-baseline,S3 · versioning off,scattered,20260823,100,165,0,36.791666666666664,38.208333333333336,0.14545454545454545,36.791666666666664,0.8545454545454545,3.5,24.541666666666668,36.791666666666664,36.791666666666664,0.5106060606060606,3.3143939393939394,31.283333333333335,0.0,15708951,0,8.660676195333068,72,0,7.04
lhbench-baseline,S3 · versioning off,clustered,20260823,100,165,0,36.791666666666664,38.208333333333336,0.14545454545454545,36.791666666666664,0.8545454545454545,3.5,24.541666666666668,36.791666666666664,36.791666666666664,0.5106060606060606,3.3143939393939394,31.283333333333335,0.0,15485553,0,8.663008958076114,72,0,7.03
lhbench-baseline,S3 · versioning off,bucketed,20260823,100,165,0,36.791666666666664,38.208333333333336,0.14545454545454545,36.791666666666664,0.8545454545454545,3.5,24.541666666666668,36.791666666666664,36.791666666666664,0.5106060606060606,3.3143939393939394,31.283333333333335,0.0,6864667,0,5.3819082279374175,72,0,18.96
lhbench-baseline-cow,S3 · versioning off,scattered,20260823,100,165,0,36.666666666666664,38.041666666666664,0.18181818181818182,36.666666666666664,0.8181818181818182,0.5,24.166666666666668,36.666666666666664,36.666666666666664,0.5106060606060606,0.0,34.05227272727273,0.0,0,35874088,10.765715568415724,72,0,27.55
lhbench-baseline-cow,S3 · versioning off,clustered,20260823,100,165,0,36.666666666666664,38.041666666666664,0.18181818181818182,36.666666666666664,0.8181818181818182,0.5,24.166666666666668,36.666666666666664,36.666666666666664,0.5106060606060606,0.0,34.05227272727273,0.0,0,35353943,10.757375663475008,72,0,27.53
lhbench-deadline,S3 · versioning off,scattered,20260823,100,165,0,20.625,21.083333333333332,1.0,20.625,0.0,0.5416666666666666,20.583333333333332,20.625,20.625,0.5106060606060606,0.041666666666666664,20.08939393939394,0.0,35874088,0,17.734287886592586,76,0,15.95
lhbench-deadline,S3 · versioning off,clustered,20260823,100,165,0,20.625,21.083333333333332,1.0,20.625,0.0,0.5416666666666666,20.583333333333332,20.625,20.625,0.5106060606060606,0.041666666666666664,20.08939393939394,0.0,35353943,0,17.71318610899985,76,0,15.91
lhbench-deadline-cow,S3 · versioning off,scattered,20260823,100,165,0,20.625,21.083333333333332,1.0,20.625,0.0,0.5,20.583333333333332,20.625,20.625,0.5106060606060606,0.0,20.131060606060608,0.0,0,35874088,17.734287886592586,76,0,27.29
lhbench-deadline-cow,S3 · versioning off,clustered,20260823,100,165,0,20.625,21.083333333333332,1.0,20.625,0.0,0.5,20.583333333333332,20.625,20.625,0.5106060606060606,0.0,20.131060606060608,0.0,0,35353943,17.71318610899985,76,0,27.79
lhbench-baseline,S3 · versioning off,scattered,20260904,100,170,0,33.916666666666664,39.041666666666664,0.19411764705882353,33.916666666666664,0.8058823529411765,3.125,24.166666666666668,33.916666666666664,33.916666666666664,0.4823529411764706,3.4122549019607846,30.218627450980392,0.0,15598974,0,10.200221280892029,95,0,7.37
lhbench-baseline-cow,S3 · versioning off,bucketed,20260823,100,165,0,36.666666666666664,38.041666666666664,0.18181818181818182,36.666666666666664,0.8181818181818182,0.5,24.166666666666668,36.666666666666664,36.666666666666664,0.5106060606060606,0.0,34.05227272727273,0.0,0,7645508,5.84770661989832,72,0,74.97
lhbench-deadline,S3 · versioning off,bucketed,20260823,100,165,0,20.625,21.083333333333332,1.0,20.625,0.0,0.5416666666666666,20.583333333333332,20.625,20.625,0.5106060606060606,0.041666666666666664,20.08939393939394,0.0,7645508,0,6.726570961268259,76,0,40.89
lhbench-baseline,S3 · versioning off,clustered,20260904,100,170,0,33.916666666666664,39.041666666666664,0.19411764705882353,33.916666666666664,0.8058823529411765,3.125,24.166666666666668,33.916666666666664,33.916666666666664,0.4823529411764706,3.4122549019607846,30.218627450980392,0.0,15437569,0,10.207426543223754,95,0,7.32
lhbench-baseline-cow,S3 · versioning off,scattered,20260904,100,170,0,32.083333333333336,37.375,0.4588235294117647,32.083333333333336,0.5411764705882353,0.4583333333333333,23.25,32.0,32.0,0.4823529411764706,0.0,29.66029411764706,0.0,0,35177042,11.843958383066091,95,0,27.38
lhbench-baseline,S3 · versioning off,bucketed,20260904,100,170,0,33.916666666666664,39.041666666666664,0.19411764705882353,33.916666666666664,0.8058823529411765,3.125,24.166666666666668,33.916666666666664,33.916666666666664,0.4823529411764706,3.4122549019607846,30.218627450980392,0.0,7241279,0,6.166474778974332,95,0,19.14
lhbench-baseline-cow,S3 · versioning off,clustered,20260904,100,170,0,32.083333333333336,37.375,0.4588235294117647,32.083333333333336,0.5411764705882353,0.4583333333333333,23.25,32.0,32.0,0.4823529411764706,0.0,29.66029411764706,0.0,0,34768123,11.863455751561663,95,0,27.05
lhbench-deadline,S3 · versioning off,scattered,20260904,100,170,0,20.583333333333332,21.083333333333332,1.0,20.583333333333332,0.0,0.5,20.541666666666668,20.583333333333332,20.583333333333332,0.4823529411764706,0.041666666666666664,20.083333333333332,0.0,35177042,0,20.912525028178994,108,0,16.38
lhbench-deadline-cow,S3 · versioning off,bucketed,20260823,100,165,0,20.625,21.083333333333332,1.0,20.625,0.0,0.5,20.583333333333332,20.625,20.625,0.5106060606060606,0.0,20.131060606060608,0.0,0,7645508,6.726570961268259,76,0,75.68
lhbench-deadline-cow,S3 · versioning off,scattered,20260904,100,170,0,20.583333333333332,21.083333333333332,1.0,20.583333333333332,0.0,0.4583333333333333,20.541666666666668,20.583333333333332,20.583333333333332,0.4823529411764706,0.0,20.125,0.0,0,35177042,20.912525028178994,108,0,27.41
lhbench-deadline,S3 · versioning off,clustered,20260904,100,170,0,20.583333333333332,21.083333333333332,1.0,20.583333333333332,0.0,0.5,20.541666666666668,20.583333333333332,20.583333333333332,0.4823529411764706,0.041666666666666664,20.083333333333332,0.0,34768123,0,20.9390392334585,108,0,16.18
lhbench-deadline-cow,S3 · versioning off,clustered,20260904,100,170,0,20.583333333333332,21.083333333333332,1.0,20.583333333333332,0.0,0.4583333333333333,20.541666666666668,20.583333333333332,20.583333333333332,0.4823529411764706,0.0,20.125,0.0,0,34768123,20.9390392334585,108,0,27.58
lhbench-baseline,S3 · versioning off,scattered,20260905,100,145,0,33.166666666666664,39.125,0.23448275862068965,33.166666666666664,0.7655172413793103,4.208333333333333,25.25,33.166666666666664,33.166666666666664,0.542528735632184,3.2899425287356325,30.22126436781609,0.0,16565290,0,20.160342811104606,72,0,7.2
lhbench-deadline,S3 · versioning off,bucketed,20260904,100,170,0,20.583333333333332,21.083333333333332,1.0,20.583333333333332,0.0,0.5,20.541666666666668,20.583333333333332,20.583333333333332,0.4823529411764706,0.041666666666666664,20.083333333333332,0.0,8244335,0,10.056765229695772,108,0,41.23
lhbench-baseline-cow,S3 · versioning off,bucketed,20260904,100,170,0,32.083333333333336,37.375,0.4588235294117647,32.083333333333336,0.5411764705882353,0.4583333333333333,23.25,32.0,32.0,0.4823529411764706,0.0,29.66029411764706,0.0,0,8244335,6.664426150261991,95,0,74.88
lhbench-baseline,S3 · versioning off,clustered,20260905,100,145,0,33.166666666666664,39.125,0.23448275862068965,33.166666666666664,0.7655172413793103,4.208333333333333,25.25,33.166666666666664,33.166666666666664,0.542528735632184,3.2899425287356325,30.22126436781609,0.0,16383064,0,20.09585327618903,72,0,7.2
lhbench-baseline-cow,S3 · versioning off,scattered,20260905,100,145,0,32.875,38.958333333333336,0.30344827586206896,32.875,0.696551724137931,0.5416666666666666,24.083333333333332,32.875,32.875,0.542528735632184,0.0,32.476724137931036,0.0,0,43358980,23.827176369215618,72,0,28.56
lhbench-baseline,S3 · versioning off,bucketed,20260905,100,145,0,33.166666666666664,39.125,0.23448275862068965,33.166666666666664,0.7655172413793103,4.208333333333333,25.25,33.166666666666664,33.166666666666664,0.542528735632184,3.2899425287356325,30.22126436781609,0.0,7847894,0,12.043389320708679,72,0,20.15
lhbench-baseline-cow,S3 · versioning off,clustered,20260905,100,145,0,32.875,38.958333333333336,0.30344827586206896,32.875,0.696551724137931,0.5416666666666666,24.083333333333332,32.875,32.875,0.542528735632184,0.0,32.476724137931036,0.0,0,42660946,23.798588963523585,72,0,28.59
lhbench-deadline-cow,S3 · versioning off,bucketed,20260904,100,170,0,20.583333333333332,21.083333333333332,1.0,20.583333333333332,0.0,0.4583333333333333,20.541666666666668,20.583333333333332,20.583333333333332,0.4823529411764706,0.0,20.125,0.0,0,8244335,10.056765229695772,108,0,75.87
lhbench-deadline,S3 · versioning off,scattered,20260905,100,145,0,20.666666666666668,21.083333333333332,1.0,20.666666666666668,0.0,0.5833333333333334,20.625,20.666666666666668,20.666666666666668,0.542528735632184,0.041666666666666664,20.083333333333332,0.0,43062484,0,31.813911910246503,75,0,16.46
lhbench-deadline,S3 · versioning off,clustered,20260905,100,145,0,20.666666666666668,21.083333333333332,1.0,20.666666666666668,0.0,0.5833333333333334,20.625,20.666666666666668,20.666666666666668,0.542528735632184,0.041666666666666664,20.083333333333332,0.0,42397187,0,31.746373821880542,75,0,16.4
lhbench-deadline-cow,S3 · versioning off,scattered,20260905,100,145,0,20.666666666666668,21.083333333333332,1.0,20.666666666666668,0.0,0.5416666666666666,20.625,20.666666666666668,20.666666666666668,0.542528735632184,0.0,20.125,0.0,0,43358980,31.564541761031286,75,0,28.26
lhbench-deadline-cow,S3 · versioning off,clustered,20260905,100,145,0,20.666666666666668,21.083333333333332,1.0,20.666666666666668,0.0,0.5416666666666666,20.625,20.666666666666668,20.666666666666668,0.542528735632184,0.0,20.125,0.0,0,42660946,31.522105624051438,75,0,28.4
lhbench-baseline-cow,S3 · versioning off,bucketed,20260905,100,145,0,32.875,38.958333333333336,0.30344827586206896,32.875,0.696551724137931,0.5416666666666666,24.083333333333332,32.875,32.875,0.542528735632184,0.0,32.476724137931036,0.0,0,8558116,12.66415004994266,72,0,77.09
lhbench-deadline,S3 · versioning off,bucketed,20260905,100,145,0,20.666666666666668,21.083333333333332,1.0,20.666666666666668,0.0,0.5833333333333334,20.625,20.666666666666668,20.666666666666668,0.542528735632184,0.041666666666666664,20.083333333333332,0.0,8558116,0,14.050197829620265,75,0,41.47
lhbench-deadline-cow,S3 · versioning off,bucketed,20260905,100,145,0,20.666666666666668,21.083333333333332,1.0,20.666666666666668,0.0,0.5416666666666666,20.625,20.666666666666668,20.666666666666668,0.542528735632184,0.0,20.125,0.0,0,8558116,14.050197829620265,75,0,72.24
